{
  "shapes": [
    {
      "name": "1x2",
      "depth": -1,
      "reticle": 12,
      "mask": [
        "XOOOO",
        "OXOOO",
        "OXXOO",
        "OXXOO",
        "OOOOO"
      ]
    },
    {
      "name": "3x3",
      "depth": -1,
      "reticle": 12,
      "mask": [
        "OOOOO",
        "OXXXO",
        "OXXXO",
        "OXXXO",
        "OOOOO"
      ]
    },
    {
      "name": "5x5",
      "depth": -1,
      "reticle": 12,
      "mask": [
        "XXXXX",
        "XXXXX",
        "XXXXX",
        "XXXXX",
        "XXXXX"
      ]
    },
    {
      "name": "New Shape",
      "depth": -1,
      "reticle": 12,
      "mask": [
        "OOOOO",
        "OXXXO",
        "OXXXO",
        "OXXXO",
        "OOOOO"
      ]
    },
    {
      "name": "New Shape",
      "depth": -1,
      "reticle": 12,
      "mask": [
        "OOOOO",
        "OXXXO",
        "OXXXO",
        "OXXXO",
        "OOOOO"
      ]
    },
    {
      "name": "New Shape",
      "depth": -1,
      "reticle": 12,
      "mask": [
        "OOOOO",
        "OXXXO",
        "OXXXO",
        "OXXXO",
        "OOOOO"
      ]
    }
  ]
}