{
  "_Comment": {
    "_Name": "Just a Reference to the old system naming. Changing does nothing.",
    "_Is Enabled": "Is chicken enabled?",
    "_Lay Item": "Item the chicken will Lay.               modid:itemid:metadata:amount #example: minecraft:log:2:3",
    "_Drop Item": "Item the chicken drops on death.        modid:itemid:metadata:amount #example: minecraft:bone",
    "_Spawn Type": "Chicken spawn type, can be: NORMAL,SNOW,NONE,HELL",
    "_Parent 1": "First parent, empty if it cant be breed. modid:chickenid #example: chickens:waterchicken",
    "_Parent 2": "Second parent, empty if it cant be breed. "
  },
  "morechickens:xpchicken": {
    "Name": "xpChicken",
    "Is Enabled": true,
    "Lay Coefficient": 1.0,
    "Lay Item": "morechickens:solidxp",
    "Drop Item": "morechickens:solidxp",
    "Spawn Type": "NONE",
    "Parent 1": "chickens:emeraldchicken",
    "Parent 2": "chickens:greenchicken"
  },
  "morechickens:bronzechicken": {
    "Name": "bronzechicken",
    "Is Enabled": true,
    "Lay Coefficient": 1.0,
    "Lay Item": "embers:ingot_bronze",
    "Drop Item": "embers:ingot_bronze",
    "Spawn Type": "NONE",
    "Parent 1": "morechickens:copperchicken",
    "Parent 2": "morechickens:tinchicken"
  },
  "morechickens:zincchicken": {
    "Name": "zincchicken",
    "Is Enabled": true,
    "Lay Coefficient": 1.0,
    "Lay Item": "magneticraft:ingots:14",
    "Drop Item": "magneticraft:ingots:14",
    "Spawn Type": "NONE",
    "Parent 1": "chickens:whitechicken",
    "Parent 2": "chickens:claychicken"
  },
  "morechickens:tinchicken": {
    "Name": "tinchicken",
    "Is Enabled": true,
    "Lay Coefficient": 1.0,
    "Lay Item": "magneticraft:ingots:13",
    "Drop Item": "magneticraft:ingots:13",
    "Spawn Type": "NONE",
    "Parent 1": "chickens:whitechicken",
    "Parent 2": "chickens:claychicken"
  },
  "morechickens:steelchicken": {
    "Name": "steelchicken",
    "Is Enabled": true,
    "Lay Coefficient": 1.0,
    "Lay Item": "magneticraft:ingots:6",
    "Drop Item": "magneticraft:ingots:6",
    "Spawn Type": "NONE",
    "Parent 1": "chickens:ironchicken",
    "Parent 2": "chickens:coalchicken"
  },
  "morechickens:silverorechicken": {
    "Name": "silverorechicken",
    "Is Enabled": true,
    "Lay Coefficient": 1.0,
    "Lay Item": "magneticraft:ingots:12",
    "Drop Item": "magneticraft:ingots:12",
    "Spawn Type": "NONE",
    "Parent 1": "chickens:ironchicken",
    "Parent 2": "chickens:whitechicken"
  },
  "morechickens:nickelchicken": {
    "Name": "nickelchicken",
    "Is Enabled": true,
    "Lay Coefficient": 1.0,
    "Lay Item": "magneticraft:ingots:10",
    "Drop Item": "magneticraft:ingots:10",
    "Spawn Type": "NONE",
    "Parent 1": "chickens:whitechicken",
    "Parent 2": "chickens:greenchicken"
  },
  "morechickens:leadchicken": {
    "Name": "leadchicken",
    "Is Enabled": true,
    "Lay Coefficient": 1.0,
    "Lay Item": "magneticraft:ingots:3",
    "Drop Item": "magneticraft:ingots:3",
    "Spawn Type": "NONE",
    "Parent 1": "chickens:ironchicken",
    "Parent 2": "chickens:cyanchicken"
  },
  "morechickens:copperchicken": {
    "Name": "copperchicken",
    "Is Enabled": true,
    "Lay Coefficient": 1.0,
    "Lay Item": "magneticraft:ingots:2",
    "Drop Item": "magneticraft:ingots:2",
    "Spawn Type": "NONE",
    "Parent 1": "chickens:yellowchicken",
    "Parent 2": "chickens:brownchicken"
  },
  "morechickens:electrumchicken": {
    "Name": "electrumchicken",
    "Is Enabled": true,
    "Lay Coefficient": 1.0,
    "Lay Item": "embers:ingot_electrum",
    "Drop Item": "embers:ingot_electrum",
    "Spawn Type": "NONE",
    "Parent 1": "morechickens:silverorechicken",
    "Parent 2": "chickens:goldchicken"
  },
  "morechickens:siliconchicken": {
    "Name": "siliconchicken",
    "Is Enabled": true,
    "Lay Coefficient": 1.0,
    "Lay Item": "enderio:item_material:5",
    "Drop Item": "enderio:item_material:5",
    "Spawn Type": "NONE",
    "Parent 1": "chickens:claychicken",
    "Parent 2": "chickens:sandchicken"
  },
  "morechickens:sulfurchicken": {
    "Name": "sulfurchicken",
    "Is Enabled": true,
    "Lay Coefficient": 1.0,
    "Lay Item": "magneticraft:crafting",
    "Drop Item": "magneticraft:crafting",
    "Spawn Type": "NONE",
    "Parent 1": "chickens:gunpowderchicken",
    "Parent 2": "chickens:flintchicken"
  },
  "morechickens:aluminumchicken": {
    "Name": "aluminumChicken",
    "Is Enabled": true,
    "Lay Coefficient": 1.0,
    "Lay Item": "magneticraft:ingots:7",
    "Drop Item": "magneticraft:ingots:7",
    "Spawn Type": "NONE",
    "Parent 1": "chickens:flintchicken",
    "Parent 2": "chickens:ironchicken"
  },
  "morechickens:saltchicken": {
    "Name": "saltchicken",
    "Is Enabled": true,
    "Lay Coefficient": 1.0,
    "Lay Item": "harvestcraft:saltitem",
    "Drop Item": "harvestcraft:saltitem",
    "Spawn Type": "NONE",
    "Parent 1": "chickens:waterchicken",
    "Parent 2": "chickens:lavachicken"
  },
  "morechickens:terrasteelchicken": {
    "Name": "terrasteelchicken",
    "Is Enabled": true,
    "Lay Coefficient": 1.0,
    "Lay Item": "botania:manaresource:4",
    "Drop Item": "botania:manaresource:4",
    "Spawn Type": "NONE",
    "Parent 1": "chickens:enderchicken",
    "Parent 2": "chickens:pcrystalchicken"
  },
  "morechickens:manasteelchicken": {
    "Name": "manasteelchicken",
    "Is Enabled": true,
    "Lay Coefficient": 1.0,
    "Lay Item": "botania:manaresource",
    "Drop Item": "botania:manaresource",
    "Spawn Type": "NONE",
    "Parent 1": "chickens:ironchicken",
    "Parent 2": "chickens:ghastchicken"
  },
  "morechickens:elementiumchicken": {
    "Name": "elementiumchicken",
    "Is Enabled": true,
    "Lay Coefficient": 1.0,
    "Lay Item": "botania:manaresource:19",
    "Drop Item": "botania:manaresource:19",
    "Spawn Type": "NONE",
    "Parent 1": "morechickens:manasteelchicken",
    "Parent 2": "morechickens:terrasteelchicken"
  },
  "morechickens:electricalsteelchicken": {
    "Name": "electricalSteelChicken",
    "Is Enabled": true,
    "Lay Coefficient": 1.0,
    "Lay Item": "enderio:item_alloy_ingot",
    "Drop Item": "enderio:item_alloy_ingot",
    "Spawn Type": "NONE",
    "Parent 1": "chickens:ironchicken",
    "Parent 2": "morechickens:siliconchicken"
  },
  "morechickens:energeticalloychicken": {
    "Name": "energeticAlloyChicken",
    "Is Enabled": true,
    "Lay Coefficient": 1.0,
    "Lay Item": "enderio:item_alloy_ingot:1",
    "Drop Item": "enderio:item_alloy_ingot:1",
    "Spawn Type": "NONE",
    "Parent 1": "chickens:goldchicken",
    "Parent 2": "chickens:glowstonechicken"
  },
  "morechickens:vibrantalloychicken": {
    "Name": "vibrantAlloyChicken",
    "Is Enabled": true,
    "Lay Coefficient": 1.0,
    "Lay Item": "enderio:item_alloy_ingot:2",
    "Drop Item": "enderio:item_alloy_ingot:2",
    "Spawn Type": "NONE",
    "Parent 1": "morechickens:energeticalloychicken",
    "Parent 2": "chickens:enderchicken"
  },
  "morechickens:redstonealloychicken": {
    "Name": "redstoneAlloyChicken",
    "Is Enabled": true,
    "Lay Coefficient": 1.0,
    "Lay Item": "enderio:item_alloy_ingot:3",
    "Drop Item": "enderio:item_alloy_ingot:3",
    "Spawn Type": "NONE",
    "Parent 1": "chickens:redstonechicken",
    "Parent 2": "morechickens:siliconchicken"
  },
  "morechickens:conductiveironchicken": {
    "Name": "conductiveIronChicken",
    "Is Enabled": true,
    "Lay Coefficient": 1.0,
    "Lay Item": "enderio:item_alloy_ingot:4",
    "Drop Item": "enderio:item_alloy_ingot:4",
    "Spawn Type": "NONE",
    "Parent 1": "chickens:redstonechicken",
    "Parent 2": "chickens:ironchicken"
  },
  "morechickens:pulsatingironchicken": {
    "Name": "pulsatingIronChicken",
    "Is Enabled": true,
    "Lay Coefficient": 1.0,
    "Lay Item": "enderio:item_alloy_ingot:5",
    "Drop Item": "enderio:item_alloy_ingot:5",
    "Spawn Type": "NONE",
    "Parent 1": "chickens:ironchicken",
    "Parent 2": "chickens:enderchicken"
  },
  "morechickens:darksteelchicken": {
    "Name": "darkSteelChicken",
    "Is Enabled": true,
    "Lay Coefficient": 1.0,
    "Lay Item": "enderio:item_alloy_ingot:6",
    "Drop Item": "enderio:item_alloy_ingot:6",
    "Spawn Type": "NONE",
    "Parent 1": "chickens:ironchicken",
    "Parent 2": "chickens:obsidianchicken"
  },
  "morechickens:soulariumchicken": {
    "Name": "soulariumChicken",
    "Is Enabled": true,
    "Lay Coefficient": 1.0,
    "Lay Item": "enderio:item_alloy_ingot:7",
    "Drop Item": "enderio:item_alloy_ingot:7",
    "Spawn Type": "NONE",
    "Parent 1": "chickens:soulsandchicken",
    "Parent 2": "chickens:goldchicken"
  },
  "morechickens:arditechicken": {
    "Name": "arditeChicken",
    "Is Enabled": true,
    "Lay Coefficient": 1.0,
    "Lay Item": "tconstruct:ingots:1",
    "Drop Item": "tconstruct:ingots:1",
    "Spawn Type": "NONE",
    "Parent 1": "chickens:blazechicken",
    "Parent 2": "chickens:magmachicken"
  },
  "morechickens:cobaltchicken": {
    "Name": "cobaltChicken",
    "Is Enabled": true,
    "Lay Coefficient": 1.0,
    "Lay Item": "magneticraft:ingots:4",
    "Drop Item": "magneticraft:ingots:4",
    "Spawn Type": "NONE",
    "Parent 1": "chickens:netherwartchicken",
    "Parent 2": "chickens:ghastchicken"
  },
  "morechickens:manyullynchicken": {
    "Name": "manyullynChicken",
    "Is Enabled": true,
    "Lay Coefficient": 1.0,
    "Lay Item": "tconstruct:ingots:2",
    "Drop Item": "tconstruct:ingots:2",
    "Spawn Type": "NONE",
    "Parent 1": "morechickens:arditechicken",
    "Parent 2": "morechickens:cobaltchicken"
  },
  "morechickens:pigironchicken": {
    "Name": "pigIronChicken",
    "Is Enabled": true,
    "Lay Coefficient": 1.0,
    "Lay Item": "tconstruct:ingots:4",
    "Drop Item": "tconstruct:ingots:4",
    "Spawn Type": "NONE",
    "Parent 1": "morechickens:bloodslime",
    "Parent 2": "chickens:ironchicken"
  },
  "morechickens:knightslimechicken": {
    "Name": "knightSlimeChicken",
    "Is Enabled": true,
    "Lay Coefficient": 1.0,
    "Lay Item": "tconstruct:ingots:3",
    "Drop Item": "tconstruct:ingots:3",
    "Spawn Type": "NONE",
    "Parent 1": "morechickens:manyullynchicken",
    "Parent 2": "morechickens:pigironchicken"
  },
  "morechickens:bloodslime": {
    "Name": "bloodSlime",
    "Is Enabled": true,
    "Lay Coefficient": 1.0,
    "Lay Item": "tconstruct:edible:3",
    "Drop Item": "tconstruct:edible:3",
    "Spawn Type": "NONE",
    "Parent 1": "chickens:slimechicken",
    "Parent 2": "chickens:redchicken"
  },
  "morechickens:purpleslime": {
    "Name": "purpleSlime",
    "Is Enabled": true,
    "Lay Coefficient": 1.0,
    "Lay Item": "tconstruct:edible:2",
    "Drop Item": "tconstruct:edible:2",
    "Spawn Type": "NONE",
    "Parent 1": "morechickens:bloodslime",
    "Parent 2": "chickens:bluechicken"
  },
  "morechickens:magmaslime": {
    "Name": "magmaSlime",
    "Is Enabled": true,
    "Lay Coefficient": 1.0,
    "Lay Item": "tconstruct:edible:4",
    "Drop Item": "tconstruct:edible:4",
    "Spawn Type": "NONE",
    "Parent 1": "chickens:slimechicken",
    "Parent 2": "chickens:magmachicken"
  },
  "morechickens:blueslime": {
    "Name": "blueSlime",
    "Is Enabled": true,
    "Lay Coefficient": 1.0,
    "Lay Item": "tconstruct:edible:1",
    "Drop Item": "tconstruct:edible:1",
    "Spawn Type": "NONE",
    "Parent 1": "chickens:slimechicken",
    "Parent 2": "chickens:bluechicken"
  },
  "morechickens:restoniacrystalchicken": {
    "Name": "restoniacrystalchicken",
    "Is Enabled": true,
    "Lay Coefficient": 1.0,
    "Lay Item": "actuallyadditions:item_crystal",
    "Drop Item": "actuallyadditions:item_crystal",
    "Spawn Type": "NONE",
    "Parent 1": "chickens:redstonechicken",
    "Parent 2": "morechickens:blackquartzchicken"
  },
  "morechickens:paliscrystalchicken": {
    "Name": "paliscrystalchicken",
    "Is Enabled": true,
    "Lay Coefficient": 1.0,
    "Lay Item": "actuallyadditions:item_crystal:1",
    "Drop Item": "actuallyadditions:item_crystal:1",
    "Spawn Type": "NONE",
    "Parent 1": "chickens:bluechicken",
    "Parent 2": "morechickens:blackquartzchicken"
  },
  "morechickens:diamantinecrystalchicken": {
    "Name": "diamantinecrystalchicken",
    "Is Enabled": true,
    "Lay Coefficient": 1.0,
    "Lay Item": "actuallyadditions:item_crystal:2",
    "Drop Item": "actuallyadditions:item_crystal:2",
    "Spawn Type": "NONE",
    "Parent 1": "morechickens:emeradiccrystalchicken",
    "Parent 2": "morechickens:enoricrystalchicken"
  },
  "morechickens:voidcrystalchicken": {
    "Name": "voidcrystalchicken",
    "Is Enabled": true,
    "Lay Coefficient": 1.0,
    "Lay Item": "actuallyadditions:item_crystal:3",
    "Drop Item": "actuallyadditions:item_crystal:3",
    "Spawn Type": "NONE",
    "Parent 1": "chickens:coalchicken",
    "Parent 2": "morechickens:paliscrystalchicken"
  },
  "morechickens:emeradiccrystalchicken": {
    "Name": "emeradiccrystalchicken",
    "Is Enabled": true,
    "Lay Coefficient": 1.0,
    "Lay Item": "actuallyadditions:item_crystal:4",
    "Drop Item": "actuallyadditions:item_crystal:4",
    "Spawn Type": "NONE",
    "Parent 1": "morechickens:paliscrystalchicken",
    "Parent 2": "chickens:emeraldchicken"
  },
  "morechickens:enoricrystalchicken": {
    "Name": "enoricrystalchicken",
    "Is Enabled": true,
    "Lay Coefficient": 1.0,
    "Lay Item": "actuallyadditions:item_crystal:5",
    "Drop Item": "actuallyadditions:item_crystal:5",
    "Spawn Type": "NONE",
    "Parent 1": "morechickens:voidcrystalchicken",
    "Parent 2": "chickens:ironchicken"
  },
  "morechickens:blackquartzchicken": {
    "Name": "blackquartzchicken",
    "Is Enabled": true,
    "Lay Coefficient": 1.0,
    "Lay Item": "actuallyadditions:item_misc:5",
    "Drop Item": "actuallyadditions:item_misc:5",
    "Spawn Type": "NONE",
    "Parent 1": "chickens:quartzchicken",
    "Parent 2": "chickens:blackchicken"
  },
  "morechickens:quartzenrichedironchicken": {
    "Name": "quartzenrichedironchicken",
    "Is Enabled": true,
    "Lay Coefficient": 1.0,
    "Lay Item": "refinedstorage:quartz_enriched_iron",
    "Drop Item": "refinedstorage:quartz_enriched_iron",
    "Spawn Type": "NONE",
    "Parent 1": "chickens:quartzchicken",
    "Parent 2": "chickens:ironchicken"
  },
  "morechickens:tungstenchicken": {
    "Name": "tungstenchicken",
    "Is Enabled": true,
    "Lay Coefficient": 1.0,
    "Lay Item": "magneticraft:ingots:5",
    "Drop Item": "magneticraft:ingots:5",
    "Spawn Type": "NONE",
    "Parent 1": "",
    "Parent 2": ""
  },
  "morechickens:osmiumchicken": {
    "Name": "osmiumChicken",
    "Is Enabled": true,
    "Lay Coefficient": 1.0,
    "Lay Item": "mekanism:ingot:1",
    "Drop Item": "mekanism:ingot:1",
    "Spawn Type": "NONE",
    "Parent 1": "chickens:ironchicken",
    "Parent 2": "chickens:quartzchicken"
  }
}